packet count,byte count,duration,idele timeout,hard timeout,Label
0,0,0,0,0,0
2,196,2,0,0,0
4,392,4,0,0,0
6,588,6,0,0,0
8,784,8,0,0,0
10,980,10,0,0,0
12,1176,12,0,0,0
14,1372,14,0,0,0
16,1568,16,0,0,0
18,1764,18,0,0,0
20,1960,20,0,0,0
22,2156,22,0,0,0
24,2352,24,0,0,0
26,2548,26,0,0,0
28,2744,28,0,0,0
30,2940,30,0,0,0
32,3136,32,0,0,0
34,3332,34,0,0,0
36,3528,36,0,0,0
38,3724,38,0,0,0
40,3920,40,0,0,0
42,4116,42,0,0,0
44,4312,44,0,0,0
46,4508,46,0,0,0
48,4704,48,0,0,0
50,4900,50,0,0,0
52,5096,52,0,0,0
54,5292,54,0,0,0
56,5488,56,0,0,0
58,5684,58,0,0,0
60,5880,60,0,0,0
62,6076,62,0,0,0
64,6272,64,0,0,0
66,6468,66,0,0,0
68,6664,68,0,0,0
70,6860,70,0,0,0
72,7056,72,0,0,0
74,7252,74,0,0,0
76,7448,76,0,0,0
78,7644,78,0,0,0
80,7840,80,0,0,0
81,7938,82,0,0,0
83,8134,84,0,0,0
85,8330,86,0,0,0
87,8526,88,0,0,0
89,8722,90,0,0,0
91,8918,92,0,0,0
93,9114,94,0,0,0
95,9310,96,0,0,0
97,9506,98,0,0,0
99,9702,100,0,0,0
101,9898,102,0,0,0
103,10094,104,0,0,0
105,10290,106,0,0,0
107,10486,108,0,0,0
109,10682,110,0,0,0
111,10878,112,0,0,0
113,11074,114,0,0,0
115,11270,116,0,0,0
117,11466,118,0,0,0
119,11662,120,0,0,0
121,11858,122,0,0,0
123,12054,124,0,0,0
125,12250,126,0,0,0
127,12446,128,0,0,0
129,12642,130,0,0,0
131,12838,132,0,0,0
133,13034,134,0,0,0
135,13230,136,0,0,0
137,13426,138,0,0,0
139,13622,140,0,0,0
141,13818,142,0,0,0
143,14014,144,0,0,0
145,14210,146,0,0,0
147,14406,148,0,0,0
149,14602,150,0,0,0
151,14798,152,0,0,0
153,14994,154,0,0,0
155,15190,156,0,0,0
157,15386,158,0,0,0
159,15582,160,0,0,0
161,15778,162,0,0,0
163,15974,164,0,0,0
165,16170,166,0,0,0
167,16366,168,0,0,0
169,16562,170,0,0,0
171,16758,172,0,0,0
173,16954,174,0,0,0
175,17150,176,0,0,0
177,17346,178,0,0,0
179,17542,180,0,0,0
181,17738,182,0,0,0
183,17934,184,0,0,0
185,18130,186,0,0,0
187,18326,188,0,0,0
189,18522,190,0,0,0
191,18718,192,0,0,0
193,18914,194,0,0,0
195,19110,196,0,0,0
197,19306,198,0,0,0
199,19502,200,0,0,0
201,19698,202,0,0,0
203,19894,204,0,0,0
204,19992,206,0,0,0
206,20188,208,0,0,0
208,20384,210,0,0,0
210,20580,212,0,0,0
212,20776,214,0,0,0
214,20972,216,0,0,0
216,21168,218,0,0,0
218,21364,220,0,0,0
220,21560,222,0,0,0
222,21756,224,0,0,0
224,21952,226,0,0,0
226,22148,228,0,0,0
228,22344,230,0,0,0
230,22540,232,0,0,0
232,22736,234,0,0,0
234,22932,236,0,0,0
236,23128,238,0,0,0
238,23324,240,0,0,0
240,23520,242,0,0,0
242,23716,244,0,0,0
244,23912,246,0,0,0
246,24108,248,0,0,0
248,24304,250,0,0,0
250,24500,252,0,0,0
252,24696,254,0,0,0
254,24892,256,0,0,0
256,25088,258,0,0,0
258,25284,260,0,0,0
260,25480,262,0,0,0
262,25676,264,0,0,0
264,25872,266,0,0,0
266,26068,268,0,0,0
268,26264,270,0,0,0
270,26460,272,0,0,0
272,26656,274,0,0,0
274,26852,276,0,0,0
276,27048,278,0,0,0
278,27244,280,0,0,0
280,27440,282,0,0,0
282,27636,284,0,0,0
284,27832,286,0,0,0
286,28028,288,0,0,0
288,28224,290,0,0,0
290,28420,292,0,0,0
292,28616,294,0,0,0
294,28812,296,0,0,0
296,29008,298,0,0,0
298,29204,300,0,0,0
300,29400,302,0,0,0
302,29596,304,0,0,0
304,29792,306,0,0,0
306,29988,308,0,0,0
308,30184,310,0,0,0
310,30380,312,0,0,0
312,30576,314,0,0,0
314,30772,316,0,0,0
316,30968,318,0,0,0
318,31164,320,0,0,0
320,31360,322,0,0,0
322,31556,324,0,0,0
324,31752,326,0,0,0
326,31948,328,0,0,0
328,32144,330,0,0,0
330,32340,332,0,0,0
332,32536,334,0,0,0
334,32732,336,0,0,0
336,32928,338,0,0,0
338,33124,340,0,0,0
340,33320,342,0,0,0
342,33516,344,0,0,0
344,33712,346,0,0,0
346,33908,348,0,0,0
348,34104,350,0,0,0
350,34300,352,0,0,0
352,34496,354,0,0,0
354,34692,356,0,0,0
356,34888,358,0,0,0
358,35084,360,0,0,0
360,35280,362,0,0,0
362,35476,364,0,0,0
364,35672,366,0,0,0
366,35868,368,0,0,0
368,36064,370,0,0,0
370,36260,372,0,0,0
372,36456,374,0,0,0
374,36652,377,0,0,0
376,36848,379,0,0,0
377,36946,381,0,0,0
379,37142,383,0,0,0
381,37338,385,0,0,0
383,37534,387,0,0,0
385,37730,389,0,0,0
387,37926,391,0,0,0
389,38122,393,0,0,0
391,38318,395,0,0,0
393,38514,397,0,0,0
395,38710,399,0,0,0
397,38906,401,0,0,0
399,39102,403,0,0,0
401,39298,405,0,0,0
403,39494,407,0,0,0
405,39690,409,0,0,0
407,39886,411,0,0,0
409,40082,413,0,0,0
411,40278,415,0,0,0
413,40474,417,0,0,0
415,40670,419,0,0,0
417,40866,421,0,0,0
419,41062,423,0,0,0
421,41258,425,0,0,0
423,41454,427,0,0,0
425,41650,429,0,0,0
427,41846,431,0,0,0
429,42042,433,0,0,0
431,42238,435,0,0,0
433,42434,437,0,0,0
435,42630,439,0,0,0
437,42826,441,0,0,0
439,43022,443,0,0,0
441,43218,445,0,0,0
443,43414,447,0,0,0
445,43610,449,0,0,0
447,43806,451,0,0,0
449,44002,453,0,0,0
451,44198,455,0,0,0
453,44394,457,0,0,0
455,44590,459,0,0,0
457,44786,461,0,0,0
459,44982,463,0,0,0
461,45178,465,0,0,0
463,45374,467,0,0,0
465,45570,469,0,0,0
467,45766,471,0,0,0
469,45962,473,0,0,0
471,46158,475,0,0,0
473,46354,477,0,0,0
475,46550,479,0,0,0
477,46746,481,0,0,0
479,46942,483,0,0,0
481,47138,485,0,0,0
483,47334,487,0,0,0
485,47530,489,0,0,0
487,47726,491,0,0,0
489,47922,493,0,0,0
491,48118,495,0,0,0
493,48314,497,0,0,0
495,48510,499,0,0,0
497,48706,501,0,0,0
499,48902,503,0,0,0
501,49098,505,0,0,0
503,49294,507,0,0,0
505,49490,509,0,0,0
507,49686,511,0,0,0
509,49882,513,0,0,0
511,50078,515,0,0,0
513,50274,517,0,0,0
515,50470,519,0,0,0
517,50666,521,0,0,0
519,50862,523,0,0,0
521,51058,525,0,0,0
523,51254,527,0,0,0
525,51450,529,0,0,0
527,51646,531,0,0,0
529,51842,533,0,0,0
531,52038,535,0,0,0
533,52234,537,0,0,0
535,52430,539,0,0,0
537,52626,541,0,0,0
539,52822,543,0,0,0
541,53018,545,0,0,0
543,53214,547,0,0,0
545,53410,549,0,0,0
547,53606,551,0,0,0
549,53802,553,0,0,0
551,53998,555,0,0,0
553,54194,557,0,0,0
555,54390,559,0,0,0
557,54586,561,0,0,0
559,54782,563,0,0,0
561,54978,565,0,0,0
563,55174,567,0,0,0
565,55370,569,0,0,0
567,55566,571,0,0,0
569,55762,573,0,0,0
571,55958,575,0,0,0
573,56154,577,0,0,0
575,56350,579,0,0,0
577,56546,581,0,0,0
579,56742,583,0,0,0
581,56938,585,0,0,0
583,57134,587,0,0,0
585,57330,589,0,0,0
587,57526,591,0,0,0
589,57722,593,0,0,0
591,57918,595,0,0,0
593,58114,597,0,0,0
595,58310,599,0,0,0
597,58506,601,0,0,0
599,58702,603,0,0,0
601,58898,605,0,0,0
603,59094,607,0,0,0
605,59290,609,0,0,0
607,59486,611,0,0,0
609,59682,613,0,0,0
611,59878,615,0,0,0
613,60074,617,0,0,0
615,60270,619,0,0,0
617,60466,621,0,0,0
619,60662,623,0,0,0
621,60858,625,0,0,0
623,61054,627,0,0,0
625,61250,629,0,0,0
627,61446,631,0,0,0
629,61642,633,0,0,0
631,61838,635,0,0,0
633,62034,637,0,0,0
635,62230,639,0,0,0
637,62426,641,0,0,0
639,62622,643,0,0,0
641,62818,645,0,0,0
643,63014,647,0,0,0
645,63210,649,0,0,0
647,63406,651,0,0,0
649,63602,653,0,0,0
650,63700,655,0,0,0
652,63896,657,0,0,0
654,64092,659,0,0,0
656,64288,661,0,0,0
658,64484,663,0,0,0
660,64680,665,0,0,0
662,64876,667,0,0,0
664,65072,669,0,0,0
666,65268,671,0,0,0
668,65464,673,0,0,0
670,65660,675,0,0,0
672,65856,677,0,0,0
674,66052,679,0,0,0
676,66248,681,0,0,0
678,66444,683,0,0,0
680,66640,685,0,0,0
682,66836,687,0,0,0
684,67032,689,0,0,0
686,67228,691,0,0,0
688,67424,693,0,0,0
690,67620,695,0,0,0
692,67816,697,0,0,0
694,68012,699,0,0,0
696,68208,701,0,0,0
698,68404,703,0,0,0
700,68600,705,0,0,0
702,68796,707,0,0,0
704,68992,709,0,0,0
706,69188,711,0,0,0
708,69384,713,0,0,0
710,69580,715,0,0,0
712,69776,717,0,0,0
714,69972,719,0,0,0
716,70168,721,0,0,0
718,70364,723,0,0,0
720,70560,725,0,0,0
722,70756,727,0,0,0
724,70952,729,0,0,0
726,71148,731,0,0,0
728,71344,733,0,0,0
730,71540,735,0,0,0
732,71736,737,0,0,0
734,71932,739,0,0,0
736,72128,741,0,0,0
738,72324,743,0,0,0
740,72520,745,0,0,0
742,72716,747,0,0,0
744,72912,749,0,0,0
746,73108,751,0,0,0
748,73304,753,0,0,0
750,73500,755,0,0,0
752,73696,757,0,0,0
754,73892,759,0,0,0
756,74088,761,0,0,0
758,74284,763,0,0,0
760,74480,765,0,0,0
762,74676,767,0,0,0
764,74872,769,0,0,0
766,75068,771,0,0,0
768,75264,773,0,0,0
770,75460,775,0,0,0
772,75656,777,0,0,0
774,75852,779,0,0,0
776,76048,781,0,0,0
778,76244,783,0,0,0
780,76440,785,0,0,0
782,76636,787,0,0,0
784,76832,789,0,0,0
786,77028,791,0,0,0
788,77224,793,0,0,0
790,77420,795,0,0,0
792,77616,797,0,0,0
794,77812,799,0,0,0
796,78008,801,0,0,0
798,78204,803,0,0,0
800,78400,805,0,0,0
802,78596,807,0,0,0
804,78792,809,0,0,0
806,78988,811,0,0,0
808,79184,813,0,0,0
810,79380,815,0,0,0
812,79576,817,0,0,0
814,79772,819,0,0,0
816,79968,821,0,0,0
818,80164,823,0,0,0
820,80360,825,0,0,0
822,80556,827,0,0,0
824,80752,829,0,0,0
826,80948,831,0,0,0
828,81144,833,0,0,0
830,81340,835,0,0,0
832,81536,837,0,0,0
833,81634,839,0,0,0
835,81830,841,0,0,0
837,82026,843,0,0,0
839,82222,845,0,0,0
841,82418,847,0,0,0
843,82614,849,0,0,0
845,82810,851,0,0,0
847,83006,853,0,0,0
849,83202,855,0,0,0
851,83398,857,0,0,0
853,83594,859,0,0,0
855,83790,861,0,0,0
857,83986,863,0,0,0
859,84182,865,0,0,0
861,84378,867,0,0,0
863,84574,869,0,0,0
865,84770,871,0,0,0
867,84966,873,0,0,0
869,85162,875,0,0,0
871,85358,877,0,0,0
873,85554,879,0,0,0
875,85750,881,0,0,0
877,85946,883,0,0,0
879,86142,885,0,0,0
881,86338,887,0,0,0
883,86534,889,0,0,0
885,86730,891,0,0,0
887,86926,893,0,0,0
889,87122,895,0,0,0
891,87318,897,0,0,0
893,87514,899,0,0,0
895,87710,901,0,0,0
897,87906,903,0,0,0
899,88102,905,0,0,0
901,88298,907,0,0,0
903,88494,909,0,0,0
905,88690,911,0,0,0
907,88886,913,0,0,0
909,89082,915,0,0,0
911,89278,917,0,0,0
913,89474,919,0,0,0
915,89670,921,0,0,0
917,89866,923,0,0,0
919,90062,925,0,0,0
921,90258,927,0,0,0
923,90454,929,0,0,0
925,90650,931,0,0,0
927,90846,933,0,0,0
929,91042,935,0,0,0
931,91238,937,0,0,0
933,91434,939,0,0,0
935,91630,941,0,0,0
937,91826,943,0,0,0
939,92022,945,0,0,0
941,92218,947,0,0,0
943,92414,949,0,0,0
945,92610,951,0,0,0
947,92806,953,0,0,0
949,93002,955,0,0,0
951,93198,957,0,0,0
953,93394,959,0,0,0
955,93590,961,0,0,0
957,93786,963,0,0,0
959,93982,965,0,0,0
961,94178,967,0,0,0
963,94374,969,0,0,0
965,94570,971,0,0,0
967,94766,973,0,0,0
969,94962,975,0,0,0
971,95158,977,0,0,0
973,95354,979,0,0,0
975,95550,981,0,0,0
977,95746,983,0,0,0
979,95942,985,0,0,0
981,96138,987,0,0,0
983,96334,989,0,0,0
985,96530,991,0,0,0
987,96726,993,0,0,0
989,96922,995,0,0,0
991,97118,997,0,0,0
993,97314,999,0,0,0
995,97510,1001,0,0,0
997,97706,1003,0,0,0
999,97902,1005,0,0,0
1001,98098,1007,0,0,0
1003,98294,1009,0,0,0
1005,98490,1011,0,0,0
1007,98686,1013,0,0,0
1009,98882,1015,0,0,0
1011,99078,1017,0,0,0
1013,99274,1019,0,0,0
1015,99470,1021,0,0,0
1017,99666,1023,0,0,0
1019,99862,1025,0,0,0
1021,100058,1027,0,0,0
1023,100254,1029,0,0,0
1025,100450,1031,0,0,0
1027,100646,1033,0,0,0
1029,100842,1035,0,0,0
1031,101038,1037,0,0,0
1033,101234,1039,0,0,0
1035,101430,1041,0,0,0
1037,101626,1043,0,0,0
1039,101822,1045,0,0,0
1041,102018,1047,0,0,0
1043,102214,1049,0,0,0
1045,102410,1051,0,0,0
1047,102606,1053,0,0,0
1049,102802,1055,0,0,0
1051,102998,1057,0,0,0
1053,103194,1059,0,0,0
1055,103390,1061,0,0,0
1057,103586,1063,0,0,0
1059,103782,1065,0,0,0
1061,103978,1067,0,0,0
1063,104174,1069,0,0,0
1065,104370,1071,0,0,0
1067,104566,1073,0,0,0
1069,104762,1075,0,0,0
1071,104958,1077,0,0,0
1073,105154,1079,0,0,0
1075,105350,1081,0,0,0
1077,105546,1083,0,0,0
1079,105742,1085,0,0,0
1081,105938,1087,0,0,0
1083,106134,1089,0,0,0
1085,106330,1091,0,0,0
1087,106526,1093,0,0,0
1089,106722,1095,0,0,0
1091,106918,1097,0,0,0
1093,107114,1099,0,0,0
1095,107310,1101,0,0,0
1097,107506,1103,0,0,0
1099,107702,1105,0,0,0
1101,107898,1107,0,0,0
1103,108094,1109,0,0,0
1105,108290,1111,0,0,0
1107,108486,1113,0,0,0
1109,108682,1115,0,0,0
1111,108878,1117,0,0,0
1112,108976,1119,0,0,0
1114,109172,1121,0,0,0
1116,109368,1123,0,0,0
1118,109564,1125,0,0,0
1120,109760,1127,0,0,0
1122,109956,1129,0,0,0
1124,110152,1131,0,0,0
1126,110348,1133,0,0,0
1128,110544,1135,0,0,0
1130,110740,1137,0,0,0
1132,110936,1139,0,0,0
1134,111132,1141,0,0,0
1136,111328,1143,0,0,0
1138,111524,1145,0,0,0
1140,111720,1147,0,0,0
1142,111916,1149,0,0,0
1144,112112,1151,0,0,0
1146,112308,1153,0,0,0
1148,112504,1155,0,0,0
1150,112700,1157,0,0,0
1152,112896,1159,0,0,0
1154,113092,1161,0,0,0
1156,113288,1163,0,0,0
1158,113484,1165,0,0,0
1160,113680,1167,0,0,0
1162,113876,1169,0,0,0
1164,114072,1171,0,0,0
1166,114268,1173,0,0,0
1168,114464,1175,0,0,0
1170,114660,1177,0,0,0
1172,114856,1179,0,0,0
1174,115052,1181,0,0,0
1176,115248,1183,0,0,0
1178,115444,1185,0,0,0
1180,115640,1187,0,0,0
1182,115836,1189,0,0,0
1184,116032,1191,0,0,0
1186,116228,1193,0,0,0
1188,116424,1195,0,0,0
1190,116620,1197,0,0,0
1192,116816,1199,0,0,0
1194,117012,1201,0,0,0
1196,117208,1203,0,0,0
1198,117404,1205,0,0,0
1200,117600,1207,0,0,0
1202,117796,1209,0,0,0
1204,117992,1211,0,0,0
1206,118188,1213,0,0,0
1208,118384,1215,0,0,0
1210,118580,1217,0,0,0
1212,118776,1219,0,0,0
1214,118972,1221,0,0,0
1216,119168,1223,0,0,0
1218,119364,1225,0,0,0
1220,119560,1227,0,0,0
1222,119756,1229,0,0,0
1224,119952,1231,0,0,0
1226,120148,1233,0,0,0
1228,120344,1235,0,0,0
1230,120540,1237,0,0,0
1232,120736,1239,0,0,0
1234,120932,1241,0,0,0
1236,121128,1243,0,0,0
1238,121324,1245,0,0,0
1240,121520,1247,0,0,0
1241,121618,1249,0,0,0
1243,121814,1251,0,0,0
1245,122010,1253,0,0,0
1247,122206,1255,0,0,0
1249,122402,1257,0,0,0
1251,122598,1259,0,0,0
1253,122794,1261,0,0,0
1255,122990,1263,0,0,0
1257,123186,1265,0,0,0
1259,123382,1267,0,0,0
1261,123578,1269,0,0,0
1263,123774,1271,0,0,0
1265,123970,1273,0,0,0
1267,124166,1275,0,0,0
1269,124362,1277,0,0,0
1271,124558,1279,0,0,0
1273,124754,1281,0,0,0
1275,124950,1283,0,0,0
1277,125146,1285,0,0,0
1279,125342,1287,0,0,0
1281,125538,1289,0,0,0
1283,125734,1291,0,0,0
1285,125930,1293,0,0,0
1287,126126,1295,0,0,0
1289,126322,1297,0,0,0
1291,126518,1299,0,0,0
1293,126714,1301,0,0,0
1295,126910,1303,0,0,0
1297,127106,1305,0,0,0
1299,127302,1307,0,0,0
1301,127498,1309,0,0,0
1303,127694,1311,0,0,0
1305,127890,1313,0,0,0
1307,128086,1315,0,0,0
1309,128282,1317,0,0,0
1311,128478,1319,0,0,0
1313,128674,1321,0,0,0
1315,128870,1323,0,0,0
1317,129066,1325,0,0,0
1319,129262,1327,0,0,0
1321,129458,1329,0,0,0
1323,129654,1331,0,0,0
1325,129850,1333,0,0,0
1327,130046,1335,0,0,0
1329,130242,1337,0,0,0
1331,130438,1339,0,0,0
1333,130634,1341,0,0,0
1335,130830,1343,0,0,0
1337,131026,1345,0,0,0
1339,131222,1347,0,0,0
1341,131418,1349,0,0,0
1343,131614,1351,0,0,0
1345,131810,1353,0,0,0
1347,132006,1355,0,0,0
1349,132202,1357,0,0,0
1351,132398,1359,0,0,0
1353,132594,1361,0,0,0
1355,132790,1363,0,0,0
1357,132986,1365,0,0,0
1359,133182,1367,0,0,0
1361,133378,1369,0,0,0
1363,133574,1371,0,0,0
1365,133770,1373,0,0,0
1367,133966,1375,0,0,0
1369,134162,1377,0,0,0
1371,134358,1379,0,0,0
1372,134456,1381,0,0,0
1374,134652,1383,0,0,0
1376,134848,1385,0,0,0
1378,135044,1387,0,0,0
1380,135240,1389,0,0,0
1382,135436,1391,0,0,0
1384,135632,1393,0,0,0
1386,135828,1395,0,0,0
1388,136024,1397,0,0,0
1390,136220,1399,0,0,0
1392,136416,1401,0,0,0
1394,136612,1403,0,0,0
1396,136808,1405,0,0,0
1398,137004,1407,0,0,0
1400,137200,1409,0,0,0
1402,137396,1411,0,0,0
1404,137592,1413,0,0,0
1406,137788,1415,0,0,0
1408,137984,1417,0,0,0
1410,138180,1419,0,0,0
1412,138376,1421,0,0,0
1414,138572,1423,0,0,0
1416,138768,1425,0,0,0
1418,138964,1427,0,0,0
1420,139160,1429,0,0,0
1422,139356,1431,0,0,0
1424,139552,1433,0,0,0
1426,139748,1435,0,0,0
1428,139944,1437,0,0,0
1430,140140,1439,0,0,0
1432,140336,1441,0,0,0
1434,140532,1443,0,0,0
1436,140728,1445,0,0,0
1438,140924,1447,0,0,0
1440,141120,1449,0,0,0
1442,141316,1451,0,0,0
1444,141512,1453,0,0,0
1446,141708,1455,0,0,0
1448,141904,1457,0,0,0
1450,142100,1459,0,0,0
1452,142296,1461,0,0,0
1454,142492,1463,0,0,0
1456,142688,1465,0,0,0
1458,142884,1467,0,0,0
1460,143080,1469,0,0,0
1462,143276,1471,0,0,0
1464,143472,1473,0,0,0
1466,143668,1475,0,0,0
1468,143864,1477,0,0,0
1470,144060,1479,0,0,0
1472,144256,1481,0,0,0
1474,144452,1483,0,0,0
1476,144648,1485,0,0,0
1478,144844,1487,0,0,0
1480,145040,1489,0,0,0
1482,145236,1491,0,0,0
1484,145432,1493,0,0,0
1486,145628,1495,0,0,0
1488,145824,1497,0,0,0
1490,146020,1499,0,0,0
1492,146216,1501,0,0,0
1494,146412,1503,0,0,0
1495,146510,1505,0,0,0
1497,146706,1507,0,0,0
1499,146902,1509,0,0,0
1501,147098,1511,0,0,0
1503,147294,1513,0,0,0
1505,147490,1515,0,0,0
1507,147686,1517,0,0,0
1509,147882,1519,0,0,0
1511,148078,1521,0,0,0
1513,148274,1523,0,0,0
1515,148470,1525,0,0,0
1517,148666,1527,0,0,0
1519,148862,1529,0,0,0
1521,149058,1531,0,0,0
1523,149254,1533,0,0,0
1525,149450,1535,0,0,0
1527,149646,1537,0,0,0
1529,149842,1539,0,0,0
1531,150038,1541,0,0,0
1533,150234,1543,0,0,0
1535,150430,1545,0,0,0
1537,150626,1548,0,0,0
1539,150822,1550,0,0,0
1541,151018,1552,0,0,0
1543,151214,1554,0,0,0
1545,151410,1556,0,0,0
1547,151606,1558,0,0,0
1549,151802,1560,0,0,0
1551,151998,1562,0,0,0
1553,152194,1564,0,0,0
1555,152390,1566,0,0,0
1557,152586,1568,0,0,0
1559,152782,1570,0,0,0
1561,152978,1572,0,0,0
1563,153174,1574,0,0,0
1565,153370,1576,0,0,0
1567,153566,1578,0,0,0
1569,153762,1580,0,0,0
1571,153958,1582,0,0,0
1573,154154,1584,0,0,0
1575,154350,1586,0,0,0
1577,154546,1588,0,0,0
1579,154742,1590,0,0,0
1581,154938,1592,0,0,0
1583,155134,1594,0,0,0
1585,155330,1596,0,0,0
1587,155526,1598,0,0,0
1589,155722,1600,0,0,0
1591,155918,1602,0,0,0
1593,156114,1604,0,0,0
1595,156310,1606,0,0,0
1597,156506,1608,0,0,0
1599,156702,1610,0,0,0
1601,156898,1612,0,0,0
1603,157094,1614,0,0,0
1605,157290,1616,0,0,0
1607,157486,1618,0,0,0
1609,157682,1620,0,0,0
1610,157780,1622,0,0,0
1612,157976,1624,0,0,0
1614,158172,1626,0,0,0
1616,158368,1628,0,0,0
1618,158564,1630,0,0,0
1620,158760,1632,0,0,0
1622,158956,1634,0,0,0
1624,159152,1636,0,0,0
1626,159348,1638,0,0,0
1628,159544,1640,0,0,0
1630,159740,1642,0,0,0
1632,159936,1644,0,0,0
1634,160132,1646,0,0,0
1636,160328,1648,0,0,0
1638,160524,1650,0,0,0
1640,160720,1652,0,0,0
1642,160916,1654,0,0,0
1644,161112,1656,0,0,0
1646,161308,1658,0,0,0
1648,161504,1660,0,0,0
1650,161700,1662,0,0,0
1652,161896,1664,0,0,0
1654,162092,1666,0,0,0
1656,162288,1668,0,0,0
1658,162484,1670,0,0,0
1660,162680,1672,0,0,0
1662,162876,1674,0,0,0
1664,163072,1676,0,0,0
1666,163268,1678,0,0,0
1668,163464,1680,0,0,0
1670,163660,1682,0,0,0
1672,163856,1684,0,0,0
1674,164052,1686,0,0,0
1676,164248,1688,0,0,0
1678,164444,1690,0,0,0
1680,164640,1692,0,0,0
1682,164836,1694,0,0,0
1684,165032,1696,0,0,0
1686,165228,1698,0,0,0
1688,165424,1700,0,0,0
1690,165620,1702,0,0,0
1692,165816,1704,0,0,0
1694,166012,1706,0,0,0
1696,166208,1708,0,0,0
1698,166404,1710,0,0,0
1700,166600,1712,0,0,0
1702,166796,1714,0,0,0
1704,166992,1716,0,0,0
1706,167188,1718,0,0,0
1708,167384,1720,0,0,0
1710,167580,1722,0,0,0
1712,167776,1724,0,0,0
1714,167972,1726,0,0,0
1716,168168,1728,0,0,0
1718,168364,1730,0,0,0
1720,168560,1732,0,0,0
1722,168756,1734,0,0,0
1724,168952,1736,0,0,0
1726,169148,1738,0,0,0
1728,169344,1740,0,0,0
1730,169540,1742,0,0,0
1732,169736,1744,0,0,0
1734,169932,1746,0,0,0
1736,170128,1748,0,0,0
1738,170324,1750,0,0,0
1740,170520,1752,0,0,0
1742,170716,1754,0,0,0
1744,170912,1756,0,0,0
1746,171108,1758,0,0,0
1748,171304,1760,0,0,0
1750,171500,1762,0,0,0
1752,171696,1764,0,0,0
1754,171892,1766,0,0,0
1756,172088,1768,0,0,0
1758,172284,1770,0,0,0
1760,172480,1772,0,0,0
1762,172676,1774,0,0,0
1764,172872,1776,0,0,0
1766,173068,1778,0,0,0
1768,173264,1780,0,0,0
1770,173460,1782,0,0,0
1772,173656,1784,0,0,0
1774,173852,1786,0,0,0
1776,174048,1788,0,0,0
1778,174244,1790,0,0,0
1780,174440,1792,0,0,0
1782,174636,1794,0,0,0
1784,174832,1796,0,0,0
1786,175028,1798,0,0,0
1788,175224,1800,0,0,0
1790,175420,1802,0,0,0
1792,175616,1804,0,0,0
1794,175812,1806,0,0,0
1796,176008,1808,0,0,0
1798,176204,1810,0,0,0
1800,176400,1812,0,0,0
1801,176498,1814,0,0,0
1803,176694,1816,0,0,0
1805,176890,1818,0,0,0
1807,177086,1820,0,0,0
1809,177282,1822,0,0,0
1811,177478,1824,0,0,0
1813,177674,1826,0,0,0
1815,177870,1828,0,0,0
1817,178066,1830,0,0,0
1819,178262,1832,0,0,0
1821,178458,1834,0,0,0
1823,178654,1836,0,0,0
1825,178850,1838,0,0,0
1827,179046,1840,0,0,0
1829,179242,1842,0,0,0
1831,179438,1844,0,0,0
1833,179634,1846,0,0,0
1835,179830,1848,0,0,0
1837,180026,1850,0,0,0
1839,180222,1852,0,0,0
1841,180418,1854,0,0,0
1843,180614,1856,0,0,0
1845,180810,1858,0,0,0
1847,181006,1860,0,0,0
1849,181202,1862,0,0,0
1851,181398,1864,0,0,0
1853,181594,1866,0,0,0
1855,181790,1868,0,0,0
1857,181986,1870,0,0,0
1859,182182,1872,0,0,0
1861,182378,1874,0,0,0
1863,182574,1876,0,0,0
1865,182770,1878,0,0,0
1867,182966,1880,0,0,0
1869,183162,1882,0,0,0
1871,183358,1884,0,0,0
1873,183554,1886,0,0,0
1875,183750,1888,0,0,0
1877,183946,1890,0,0,0
1879,184142,1892,0,0,0
1881,184338,1894,0,0,0
1883,184534,1896,0,0,0
1885,184730,1898,0,0,0
1887,184926,1900,0,0,0
1889,185122,1902,0,0,0
1891,185318,1904,0,0,0
1893,185514,1906,0,0,0
1895,185710,1908,0,0,0
1897,185906,1910,0,0,0
1899,186102,1912,0,0,0
1901,186298,1914,0,0,0
1903,186494,1916,0,0,0
1905,186690,1918,0,0,0
1907,186886,1920,0,0,0
1909,187082,1922,0,0,0
1911,187278,1924,0,0,0
1913,187474,1926,0,0,0
1915,187670,1928,0,0,0
1917,187866,1930,0,0,0
1919,188062,1932,0,0,0
1921,188258,1934,0,0,0
1923,188454,1936,0,0,0
1925,188650,1938,0,0,0
1927,188846,1940,0,0,0
1929,189042,1942,0,0,0
1931,189238,1944,0,0,0
1933,189434,1946,0,0,0
1935,189630,1948,0,0,0
1937,189826,1950,0,0,0
1939,190022,1952,0,0,0
1941,190218,1954,0,0,0
1943,190414,1956,0,0,0
1944,190512,1958,0,0,0
1946,190708,1960,0,0,0
1948,190904,1962,0,0,0
1950,191100,1964,0,0,0
1952,191296,1966,0,0,0
1954,191492,1968,0,0,0
1956,191688,1970,0,0,0
1958,191884,1972,0,0,0
1960,192080,1974,0,0,0
1962,192276,1976,0,0,0
1964,192472,1978,0,0,0
1966,192668,1980,0,0,0
1968,192864,1982,0,0,0
1970,193060,1984,0,0,0
1972,193256,1986,0,0,0
1974,193452,1988,0,0,0
1976,193648,1990,0,0,0
1978,193844,1992,0,0,0
1980,194040,1994,0,0,0
1982,194236,1996,0,0,0
1984,194432,1998,0,0,0
1986,194628,2000,0,0,0
1988,194824,2002,0,0,0
1990,195020,2004,0,0,0
1992,195216,2006,0,0,0
1994,195412,2008,0,0,0
1996,195608,2010,0,0,0
1998,195804,2012,0,0,0
2000,196000,2014,0,0,0
2002,196196,2016,0,0,0
2004,196392,2018,0,0,0
2006,196588,2020,0,0,0
2008,196784,2022,0,0,0
2010,196980,2024,0,0,0
2012,197176,2026,0,0,0
2014,197372,2028,0,0,0
2016,197568,2030,0,0,0
2018,197764,2032,0,0,0
2020,197960,2034,0,0,0
2022,198156,2036,0,0,0
2024,198352,2038,0,0,0
2026,198548,2040,0,0,0
2028,198744,2042,0,0,0
2030,198940,2044,0,0,0
2032,199136,2046,0,0,0
2034,199332,2048,0,0,0
2036,199528,2050,0,0,0
2038,199724,2052,0,0,0
2040,199920,2054,0,0,0
2042,200116,2056,0,0,0
2044,200312,2058,0,0,0
2046,200508,2060,0,0,0
2048,200704,2062,0,0,0
2050,200900,2064,0,0,0
2052,201096,2066,0,0,0
2054,201292,2068,0,0,0
2056,201488,2070,0,0,0
2058,201684,2072,0,0,0
2060,201880,2074,0,0,0
2062,202076,2076,0,0,0
2064,202272,2078,0,0,0
2066,202468,2080,0,0,0
2068,202664,2082,0,0,0
2069,202762,2084,0,0,0
2071,202958,2086,0,0,0
2073,203154,2088,0,0,0
2075,203350,2090,0,0,0
2077,203546,2092,0,0,0
2079,203742,2094,0,0,0
2081,203938,2096,0,0,0
2083,204134,2098,0,0,0
2085,204330,2100,0,0,0
2087,204526,2102,0,0,0
2089,204722,2104,0,0,0
2091,204918,2106,0,0,0
2093,205114,2108,0,0,0
2095,205310,2110,0,0,0
2097,205506,2112,0,0,0
2099,205702,2114,0,0,0
2101,205898,2116,0,0,0
2103,206094,2118,0,0,0
2105,206290,2120,0,0,0
2107,206486,2122,0,0,0
2109,206682,2124,0,0,0
2111,206878,2126,0,0,0
2113,207074,2128,0,0,0
2115,207270,2130,0,0,0
2117,207466,2132,0,0,0
2119,207662,2134,0,0,0
2121,207858,2136,0,0,0
2123,208054,2138,0,0,0
2125,208250,2140,0,0,0
2127,208446,2142,0,0,0
2129,208642,2144,0,0,0
2131,208838,2146,0,0,0
2133,209034,2148,0,0,0
2135,209230,2150,0,0,0
2137,209426,2152,0,0,0
2139,209622,2154,0,0,0
2141,209818,2156,0,0,0
2143,210014,2158,0,0,0
2145,210210,2160,0,0,0
2147,210406,2162,0,0,0
2149,210602,2164,0,0,0
2151,210798,2166,0,0,0
2153,210994,2168,0,0,0
2155,211190,2170,0,0,0
2157,211386,2172,0,0,0
2159,211582,2174,0,0,0
2161,211778,2176,0,0,0
2163,211974,2178,0,0,0
2165,212170,2180,0,0,0
2167,212366,2182,0,0,0
2169,212562,2184,0,0,0
2171,212758,2186,0,0,0
2173,212954,2188,0,0,0
2175,213150,2190,0,0,0
2177,213346,2192,0,0,0
2179,213542,2194,0,0,0
2181,213738,2196,0,0,0
2182,213836,2198,0,0,0
2184,214032,2200,0,0,0
2186,214228,2202,0,0,0
2188,214424,2204,0,0,0
2190,214620,2206,0,0,0
2192,214816,2208,0,0,0

55686,4120764,1,0,0,1
145975,10802150,3,0,0,1
235099,17397326,5,0,0,1
326206,24139244,7,0,0,1
415129,30719546,9,0,0,1
510125,37749250,11,0,0,1
605167,44782358,13,0,0,1
699240,51743760,15,0,0,1
794553,58796922,17,0,0,1
882917,65335858,19,0,0,1
963814,71322236,21,0,0,1
1055064,78074736,23,0,0,1
1136797,84122978,25,0,0,1
1217990,90131260,27,0,0,1
1304578,96538772,29,0,0,1
1396756,103359944,31,0,0,1
1493892,110548008,33,0,0,1
1579256,116864944,35,0,0,1
1670452,123613448,37,0,0,1
1762519,130426406,39,0,0,1
1858130,137501620,41,0,0,1
1946882,144069268,43,0,0,1
2039171,150898654,45,0,0,1
2123606,157146844,47,0,0,1
2218586,164175364,49,0,0,1
2312101,171095474,51,0,0,1
2411829,178475346,53,0,0,1
2513193,185976282,55,0,0,1
2615735,193564390,57,0,0,1
2717443,201090782,59,0,0,1
2819238,208623612,61,0,0,1
2912850,215550900,63,0,0,1
3009502,222703148,65,0,0,1
3100085,229406290,67,0,0,1
3202839,237010086,69,0,0,1
3294211,243771614,71,0,0,1
3391490,250970260,73,0,0,1
3487718,258091132,75,0,0,1
3577461,264732114,77,0,0,1
3677787,272156238,79,0,0,1
3776764,279480536,81,0,0,1
3876907,286891118,83,0,0,1
3973959,294072966,85,0,0,1
4064219,300752206,87,0,0,1
4156591,307587734,89,0,0,1
4246485,314239890,91,0,0,1
4333331,320666494,93,0,0,1
4424089,327382586,95,0,0,1
4517245,334276130,97,0,0,1
4615971,341581854,99,0,0,1
4707744,348373056,101,0,0,1
4803269,355441906,103,0,0,1
4897629,362424546,105,0,0,1
4990423,369291302,107,0,0,1
5076684,375674616,109,0,0,1
5164511,382173814,111,0,0,1
5257730,389072020,113,0,0,1
5344204,395471096,115,0,0,1
5434066,402120884,117,0,0,1
5523804,408761496,119,0,0,1
5616433,415616042,121,0,0,1
5683305,420564570,123,0,0,1
5775672,427399728,125,0,0,1
5863897,433928378,127,0,0,1
5953427,440553598,129,0,0,1
6054793,448054682,131,0,0,1
6155469,455504706,133,0,0,1
6255951,462940374,135,0,0,1
6354413,470226562,137,0,0,1
6455975,477742150,139,0,0,1
6554946,485066004,141,0,0,1
6655428,492501672,143,0,0,1
6756314,499967236,145,0,0,1
6858287,507513238,147,0,0,1
6960526,515078924,149,0,0,1
7063259,522681166,151,0,0,1
7163276,530082424,153,0,0,1
7263214,537477836,155,0,0,1
7364933,545005042,157,0,0,1
7466819,552544606,159,0,0,1
7556222,559160428,161,0,0,1
7649896,566092304,163,0,0,1
7741263,572853462,165,0,0,1
7835771,579847054,167,0,0,1
7936112,587272288,169,0,0,1
8031950,594364300,171,0,0,1
8128050,601475700,173,0,0,1
8218406,608162044,175,0,0,1
8309012,614866888,177,0,0,1
8405480,622005520,179,0,0,1
8498508,628889592,181,0,0,1
8594458,635989892,183,0,0,1
8694492,643392408,185,0,0,1
8788307,650334718,187,0,0,1
8881847,657256678,189,0,0,1
8982853,664731122,191,0,0,1
9076019,671625406,193,0,0,1
9171280,678674720,195,0,0,1
9270806,686039644,197,0,0,1
9367850,693220900,199,0,0,1
9459704,700018096,201,0,0,1
9556579,707186846,203,0,0,1
9649425,714057450,205,0,0,1
9738889,720677786,207,0,0,1
9830274,727440276,209,0,0,1
9922489,734264186,211,0,0,1
10020899,741546526,213,0,0,1
10118899,748798526,215,0,0,1
10212268,755707832,217,0,0,1
10309116,762874584,219,0,0,1
10399227,769542798,221,0,0,1
10494138,776566212,223,0,0,1
10582086,783074364,225,0,0,1
10668482,789467668,227,0,0,1
10763171,796474654,229,0,0,1
10853890,803187860,231,0,0,1
10946339,810029086,233,0,0,1
11039774,816943276,235,0,0,1
11131633,823740842,237,0,0,1
11224289,830597386,239,0,0,1
11310870,837004380,241,0,0,1
11406258,844063092,243,0,0,1
11503885,851287490,245,0,0,1
11600227,858416798,247,0,0,1
11688005,864912370,249,0,0,1
11776624,871470176,251,0,0,1
11846410,876634340,253,0,0,1
11935759,883246166,255,0,0,1
12037652,890786248,257,0,0,1
12139737,898340538,259,0,0,1
12240845,905822530,261,0,0,1
12342663,913357062,263,0,0,1
12445834,920991716,265,0,0,1
12548154,928563396,267,0,0,1
12650109,936108066,269,0,0,1
12752936,943717264,271,0,0,1
12855458,951303892,273,0,0,1
12958371,958919454,275,0,0,1
13058506,966329444,277,0,0,1
13158852,973755048,279,0,0,1
13258352,981118048,281,0,0,1
13358395,988521230,283,0,0,1
13460731,996094094,285,0,0,1
13544904,1002322896,287,0,0,1
13622100,1008035400,289,0,0,1
13705412,1014200488,291,0,0,1
13795449,1020863226,293,0,0,1
13890457,1027893818,295,0,0,1
13976986,1034296964,297,0,0,1
14061019,1040515406,299,0,0,1
14160584,1047883216,301,0,0,1
14258245,1055110130,303,0,0,1
14351170,1061986580,305,0,0,1
14452280,1069468720,307,0,0,1
14550501,1076737074,309,0,0,1
14650416,1084130784,311,0,0,1
14745088,1091136512,313,0,0,1
14833161,1097653914,315,0,0,1
14925818,1104510532,317,0,0,1
15013420,1110993080,319,0,0,1
15105343,1117795382,321,0,0,1
15196371,1124531454,323,0,0,1
15281606,1130838844,325,0,0,1
15369314,1137329236,327,0,0,1
15459605,1144010770,329,0,0,1
15557506,1151255444,331,0,0,1
15645108,1157737992,333,0,0,1
15746043,1165207182,335,0,0,1
15844207,1172471318,337,0,0,1
15949390,1180254860,339,0,0,1
16053885,1187987490,341,0,0,1
16157465,1195652410,343,0,0,1
16261462,1203348188,345,0,0,1
16362967,1210859558,347,0,0,1
16463894,1218328156,349,0,0,1
16565722,1225863428,351,0,0,1
16662496,1233024704,353,0,0,1
16764272,1240556128,355,0,0,1
16850253,1246918722,357,0,0,1
16946782,1254061868,359,0,0,1
17045436,1261362264,361,0,0,1
17147165,1268890210,363,0,0,1
17248439,1276384486,365,0,0,1
17349846,1283888604,367,0,0,1
17452176,1291461024,369,0,0,1
17556880,1299209120,371,0,0,1
17659895,1306832230,373,0,0,1
17739634,1312732916,375,0,0,1
17834439,1319748486,377,0,0,1
17930023,1326821702,379,0,0,1
18030609,1334265066,381,0,0,1
18128122,1341481028,383,0,0,1
18223189,1348515986,385,0,0,1
18314079,1355241846,387,0,0,1
18412196,1362502504,389,0,0,1
18510942,1369809708,391,0,0,1
18612719,1377341206,393,0,0,1
18714500,1384873000,395,0,0,1
18817283,1392478942,397,0,0,1
18917690,1399909060,399,0,0,1
19019592,1407449808,401,0,0,1
19123563,1415143662,403,0,0,1
19227580,1422840920,405,0,0,1
19329627,1430392398,407,0,0,1
19430502,1437857148,409,0,0,1
19526406,1444954044,411,0,0,1
19616737,1451638538,413,0,0,1
19718369,1459159306,415,0,0,1
19820915,1466747710,417,0,0,1
19913704,1473614096,419,0,0,1
20007646,1480565804,421,0,0,1
20105785,1487828090,423,0,0,1
20200748,1494855352,425,0,0,1
20292473,1501643002,427,0,0,1
20389737,1508840538,429,0,0,1
20482231,1515685094,431,0,0,1
20574392,1522505008,433,0,0,1
20665803,1529269422,435,0,0,1
20755765,1535926610,437,0,0,1
20848915,1542819710,439,0,0,1
20948318,1550175532,441,0,0,1
21046639,1557451286,443,0,0,1
21151142,1565184508,445,0,0,1
21251870,1572638380,447,0,0,1
21355712,1580322688,449,0,0,1
21456979,1587816446,451,0,0,1
21560509,1595477666,453,0,0,1
21665605,1603254770,455,0,0,1
21767505,1610795370,457,0,0,1
21872254,1618546796,459,0,0,1
21974580,1626118920,461,0,0,1
22076493,1633660482,463,0,0,1
22179593,1641289882,465,0,0,1
22284487,1649052038,467,0,0,1
22386508,1656601592,469,0,0,1
22487896,1664104304,471,0,0,1
22587456,1671471744,473,0,0,1
22687060,1678842440,475,0,0,1
22789140,1686396360,477,0,0,1
22890573,1693902402,479,0,0,1
22988032,1701114368,481,0,0,1
23079184,1707859616,483,0,0,1
23171452,1714687448,485,0,0,1
23262488,1721424112,487,0,0,1
23355153,1728281322,489,0,0,1
23450253,1735318722,491,0,0,1
23543122,1742191028,493,0,0,1
23642203,1749523022,495,0,0,1
23740820,1756820680,497,0,0,1
23845397,1764559378,499,0,0,1
23947811,1772138014,501,0,0,1
24016866,1777248084,503,0,0,1
24118966,1784803484,505,0,0,1
24221274,1792374276,507,0,0,1
24321579,1799796846,509,0,0,1
24423767,1807358758,511,0,0,1
24524091,1814782734,513,0,0,1
24627962,1822469188,515,0,0,1
24730258,1830039092,517,0,0,1
24831216,1837509984,519,0,0,1
24927392,1844627008,521,0,0,1
25020930,1851548820,523,0,0,1
25119330,1858830420,525,0,0,1
25211216,1865629984,527,0,0,1
25306286,1872665164,529,0,0,1
25399067,1879530958,531,0,0,1
25493149,1886493026,533,0,0,1
25591714,1893786836,535,0,0,1
25687903,1900904822,537,0,0,1
25781059,1907798366,539,0,0,1
25882635,1915314990,541,0,0,1
25986320,1922987680,543,0,0,1
26089364,1930612936,545,0,0,1
26192128,1938217472,547,0,0,1
26295800,1945889200,549,0,0,1
26398975,1953524150,551,0,0,1
26500547,1961040478,553,0,0,1
26601518,1968512332,555,0,0,1
26696731,1975558094,557,0,0,1
26795457,1982863818,559,0,0,1
26893098,1990089252,561,0,0,1
26991512,1997371888,563,0,0,1
27084547,2004256478,565,0,0,1
27180894,2011386156,567,0,0,1
27283874,2019006676,569,0,0,1
27383011,2026342814,571,0,0,1
27477813,2033358162,573,0,0,1
27576855,2040687270,575,0,0,1
27677396,2048127304,577,0,0,1
27778819,2055632606,579,0,0,1
27876274,2062844276,581,0,0,1
27974245,2070094130,583,0,0,1
28071000,2077254000,585,0,0,1
28170702,2084631948,587,0,0,1
28271681,2092104394,589,0,0,1
28372076,2099533624,591,0,0,1
28472741,2106982834,593,0,0,1
28574546,2114516404,595,0,0,1
28672211,2121743614,597,0,0,1
28771553,2129094922,599,0,0,1
28866105,2136091770,601,0,0,1
28968969,2143703706,603,0,0,1
29070039,2151182886,605,0,0,1
29155230,2157487020,607,0,0,1
29254586,2164839364,609,0,0,1
29351107,2171981918,611,0,0,1
29440123,2178569102,613,0,0,1
29539775,2185943350,615,0,0,1
29637671,2193187654,617,0,0,1
29738676,2200662024,619,0,0,1
29820975,2206752150,621,0,0,1
29896280,2212324720,623,0,0,1
29993561,2219523514,625,0,0,1
30095993,2227103482,627,0,0,1
30199415,2234756710,629,0,0,1
30301180,2242287320,631,0,0,1
30402992,2249821408,633,0,0,1
30506867,2257508158,635,0,0,1
30612645,2265335730,637,0,0,1
30715252,2272928648,639,0,0,1
30818923,2280600302,641,0,0,1
30923713,2288354762,643,0,0,1
31028573,2296114402,645,0,0,1
31132316,2303791384,647,0,0,1
31234368,2311343232,649,0,0,1
31337394,2318967156,651,0,0,1
31442076,2326713624,653,0,0,1
31544067,2334260958,655,0,0,1
31642628,2341554472,657,0,0,1
31739078,2348691772,659,0,0,1
31836898,2355930452,661,0,0,1
31937250,2363356500,663,0,0,1
32031876,2370358824,665,0,0,1
32123439,2377134486,667,0,0,1
32217650,2384106100,669,0,0,1
32311651,2391062174,671,0,0,1
32403945,2397891930,673,0,0,1
32497559,2404819366,675,0,0,1
32589538,2411625812,677,0,0,1
32686235,2418781390,679,0,0,1
32778204,2425587096,681,0,0,1
32871290,2432475460,683,0,0,1
32961206,2439129244,685,0,0,1
33052918,2445915932,687,0,0,1
33130992,2451693408,689,0,0,1
33224760,2458632240,691,0,0,1
33275849,2462412826,693,0,0,1
33374494,2469712556,695,0,0,1
33470788,2476838312,697,0,0,1
33566192,2483898208,699,0,0,1
33658054,2490695996,701,0,0,1
33748375,2497379750,703,0,0,1
33840432,2504191968,705,0,0,1
33924797,2510434978,707,0,0,1
34008570,2516634180,709,0,0,1
34097941,2523247634,711,0,0,1
34178778,2529229572,713,0,0,1
34266383,2535712342,715,0,0,1
34345702,2541581948,717,0,0,1
34426301,2547546274,719,0,0,1
34511770,2553870980,721,0,0,1
34590179,2559673246,723,0,0,1
34675702,2566001948,725,0,0,1
34762395,2572417230,727,0,0,1
34855354,2579296196,729,0,0,1
34942642,2585755508,731,0,0,1
35028580,2592114920,733,0,0,1
35110414,2598170636,735,0,0,1
35197653,2604626322,737,0,0,1
35284307,2611038718,739,0,0,1
35369027,2617307998,741,0,0,1
35449871,2623290454,743,0,0,1
35509574,2627708476,745,0,0,1
35600167,2634412358,747,0,0,1
35692865,2641272010,749,0,0,1
35785171,2648102654,751,0,0,1
35882149,2655279026,753,0,0,1
35978433,2662404042,755,0,0,1
36067103,2668965622,757,0,0,1
36161553,2675954922,759,0,0,1
36254874,2682860676,761,0,0,1
36346237,2689621538,763,0,0,1
36434203,2696131022,765,0,0,1
36526936,2702993264,767,0,0,1
36620073,2709885402,769,0,0,1
36720081,2717285994,771,0,0,1
36819008,2724606592,773,0,0,1
36908271,2731212054,775,0,0,1
36996021,2737705554,777,0,0,1
37092793,2744866682,779,0,0,1
37187217,2751854058,781,0,0,1
37284345,2759041530,783,0,0,1
37388411,2766742414,785,0,0,1
37492448,2774441152,787,0,0,1
37595285,2782051090,789,0,0,1
37695673,2789479802,791,0,0,1
37788523,2796350702,793,0,0,1
37890345,2803885530,795,0,0,1
37983614,2810787436,797,0,0,1
38087920,2818506080,799,0,0,1
38187281,2825858794,801,0,0,1
38286280,2833184720,803,0,0,1
38382067,2840272958,805,0,0,1
38480505,2847557370,807,0,0,1
38572821,2854388754,809,0,0,1
38670413,2861610562,811,0,0,1
38770591,2869023734,813,0,0,1
38860924,2875708376,815,0,0,1
38959168,2882978432,817,0,0,1
39048896,2889618304,819,0,0,1
39140260,2896379240,821,0,0,1
39232752,2903223648,823,0,0,1
39332493,2910604482,825,0,0,1
39428237,2917689538,827,0,0,1
39522808,2924687792,829,0,0,1
39610596,2931184104,831,0,0,1
39701322,2937897828,833,0,0,1
39805568,2945612032,835,0,0,1
39902705,2952800170,837,0,0,1
39991478,2959369372,839,0,0,1
40086785,2966422090,841,0,0,1
40177991,2973171334,843,0,0,1
40272847,2980190678,845,0,0,1
40373616,2987647584,847,0,0,1
40461988,2994187112,849,0,0,1
40558318,3001315532,851,0,0,1
40651403,3008203822,853,0,0,1
40747982,3015350668,855,0,0,1
40834819,3021776606,857,0,0,1
40905180,3026983320,859,0,0,1
40998904,3033918896,861,0,0,1
41089853,3040649122,863,0,0,1
41186951,3047834374,865,0,0,1
41279636,3054693064,867,0,0,1
41366893,3061150082,869,0,0,1
41462018,3068189332,871,0,0,1
41551200,3074788800,873,0,0,1
41638950,3081282300,875,0,0,1
41723543,3087542182,877,0,0,1
41811843,3094076382,879,0,0,1
41903910,3100889340,881,0,0,1
42006753,3108499722,883,0,0,1
42108484,3116027816,885,0,0,1
42209503,3123503222,887,0,0,1
42309202,3130880948,889,0,0,1
42405130,3137979620,891,0,0,1
42504373,3145323602,893,0,0,1
42606494,3152880556,895,0,0,1
42703459,3160055966,897,0,0,1
42806162,3167655988,899,0,0,1
42910574,3175382476,901,0,0,1
43014547,3183076478,903,0,0,1
43118470,3190766780,905,0,0,1
43220377,3198307898,907,0,0,1
43315147,3205320878,909,0,0,1
43412140,3212498360,911,0,0,1
43512046,3219891404,913,0,0,1
43607797,3226976978,915,0,0,1
43699981,3233798594,917,0,0,1
43791007,3240534518,919,0,0,1
43888419,3247743006,921,0,0,1
43976178,3254237172,923,0,0,1
44067384,3260986416,925,0,0,1
44160293,3267861682,927,0,0,1
44252714,3274700836,929,0,0,1
44333234,3280659316,931,0,0,1
44419981,3287078594,933,0,0,1
44518510,3294369740,935,0,0,1
44607741,3300972834,937,0,0,1
44700656,3307848544,939,0,0,1
44794556,3314797144,941,0,0,1
44892222,3322024428,943,0,0,1
44988720,3329165280,945,0,0,1
45089397,3336615378,947,0,0,1
45192239,3344225686,949,0,0,1
45290097,3351467178,951,0,0,1
45388784,3358770016,953,0,0,1
45483869,3365806306,955,0,0,1
45570811,3372240014,957,0,0,1
45670738,3379634612,959,0,0,1
45764248,3386554352,961,0,0,1
45848895,3392818230,963,0,0,1
45938365,3399439010,965,0,0,1
46030408,3406250192,967,0,0,1
46104507,3411733518,969,0,0,1
46191625,3418180250,971,0,0,1
46281244,3424812056,974,0,0,1
46377328,3431922272,976,0,0,1
46469731,3438760094,978,0,0,1
46562995,3445661630,980,0,0,1
46653070,3452327180,982,0,0,1
46746125,3459213250,984,0,0,1
46843352,3466408048,986,0,0,1
46936622,3473310028,988,0,0,1
47035114,3480598436,990,0,0,1
47120883,3486945342,992,0,0,1
47211438,3493646412,994,0,0,1
47287902,3499304748,996,0,0,1
47354189,3504209986,998,0,0,1
47427533,3509637442,1000,0,0,1
47500437,3515032338,1002,0,0,1
47583167,3521154358,1004,0,0,1
47660003,3526840222,1006,0,0,1
47754703,3533848022,1008,0,0,1
47846672,3540653728,1010,0,0,1
47932705,3547020170,1012,0,0,1
48019373,3553433602,1014,0,0,1
48111099,3560221326,1016,0,0,1
48202723,3567001502,1018,0,0,1
48300525,3574238850,1020,0,0,1
48398154,3581463396,1022,0,0,1
48481390,3587622860,1024,0,0,1
48567659,3594006766,1026,0,0,1
48653256,3600340944,1028,0,0,1
48747946,3607348004,1030,0,0,1
48846738,3614658612,1032,0,0,1
48940263,3621579462,1034,0,0,1
49034427,3628547598,1036,0,0,1
49133661,3635890914,1038,0,0,1
49227274,3642818276,1040,0,0,1
49328409,3650302266,1042,0,0,1
49428905,3657738970,1044,0,0,1
49527064,3665002736,1046,0,0,1
49622340,3672053160,1048,0,0,1
49726017,3679725258,1050,0,0,1
49831252,3687512648,1052,0,0,1
49934828,3695177272,1054,0,0,1
50040003,3702960222,1056,0,0,1
50143191,3710596134,1058,0,0,1
50246350,3718229900,1060,0,0,1
50352636,3726095064,1062,0,0,1
50456717,3733797058,1064,0,0,1
50556983,3741216742,1066,0,0,1
50659514,3748804036,1068,0,0,1
50764483,3756571742,1070,0,0,1
50866181,3764097394,1072,0,0,1
50971523,3771892702,1074,0,0,1
51076511,3779661814,1076,0,0,1
51181056,3787398144,1078,0,0,1
51283564,3794983736,1080,0,0,1
51387324,3802661976,1082,0,0,1
51491285,3810355090,1084,0,0,1
51596114,3818112436,1086,0,0,1
51698314,3825675236,1088,0,0,1
51801011,3833274814,1090,0,0,1
51899328,3840550272,1092,0,0,1
52001480,3848109520,1094,0,0,1
52098911,3855319414,1096,0,0,1
52203747,3863077278,1098,0,0,1
52277401,3868527674,1100,0,0,1
52369601,3875350474,1102,0,0,1
52464106,3882343844,1104,0,0,1
52563669,3889711506,1106,0,0,1
52661010,3896914740,1108,0,0,1
52758850,3904154900,1110,0,0,1
52859268,3911585832,1112,0,0,1
52961316,3919137384,1114,0,0,1
53058154,3926303396,1116,0,0,1
53156243,3933561982,1118,0,0,1
53258916,3941159784,1120,0,0,1
53351680,3948024320,1122,0,0,1
53439012,3954486888,1124,0,0,1
53537791,3961796534,1126,0,0,1
53624233,3968193242,1128,0,0,1
53713365,3974789010,1130,0,0,1
53803759,3981478166,1132,0,0,1
53896887,3988369638,1134,0,0,1
53990440,3995292560,1136,0,0,1
54082040,4002070960,1138,0,0,1
54176514,4009062036,1140,0,0,1
54264133,4015545842,1142,0,0,1
54358709,4022544466,1144,0,0,1
54444249,4028874426,1146,0,0,1
54533477,4035477298,1148,0,0,1
54624863,4042239862,1150,0,0,1
54725281,4049670794,1152,0,0,1
54826311,4057147014,1154,0,0,1
54918301,4063954274,1156,0,0,1
55019082,4071412068,1158,0,0,1
55111715,4078266910,1160,0,0,1
55211664,4085663136,1162,0,0,1
55297878,4092042972,1164,0,0,1
55390858,4098923492,1166,0,0,1
55480145,4105530730,1168,0,0,1
55562691,4111639134,1170,0,0,1
55656328,4118568272,1172,0,0,1
55749854,4125489196,1174,0,0,1
55845743,4132584982,1176,0,0,1
55935066,4139194884,1178,0,0,1
56032711,4146420614,1180,0,0,1
56133534,4153881516,1182,0,0,1
56231110,4161102140,1184,0,0,1
56329342,4168371308,1186,0,0,1
56422386,4175256564,1188,0,0,1
56519772,4182463128,1190,0,0,1
56617977,4189730298,1192,0,0,1
56713815,4196822310,1194,0,0,1
56805481,4203605594,1196,0,0,1
56903433,4210854042,1198,0,0,1
57005409,4218400266,1200,0,0,1
57109385,4226094490,1202,0,0,1
57209315,4233489310,1204,0,0,1
57313819,4241222606,1206,0,0,1
57417308,4248880792,1208,0,0,1
57521170,4256566580,1210,0,0,1
57622284,4264049016,1212,0,0,1
57726288,4271745312,1214,0,0,1
57823788,4278960312,1216,0,0,1
57916983,4285856742,1218,0,0,1
58009862,4292729788,1220,0,0,1
58104158,4299707692,1222,0,0,1
58206428,4307275672,1224,0,0,1
58303992,4314495408,1226,0,0,1
58401395,4321703230,1228,0,0,1
58476330,4327248420,1230,0,0,1
58563339,4333687086,1232,0,0,1
58659581,4340808994,1234,0,0,1
58758645,4348139730,1236,0,0,1
58854675,4355245950,1238,0,0,1
58950799,4362359126,1240,0,0,1
59042942,4369177708,1242,0,0,1
59133894,4375908156,1244,0,0,1
59233556,4383283144,1246,0,0,1
59330239,4390437686,1248,0,0,1
59426032,4397526368,1250,0,0,1
59531598,4405338252,1252,0,0,1
59625713,4412302762,1254,0,0,1
59714986,4418908964,1256,0,0,1
59812477,4426123298,1258,0,0,1
59904217,4432912058,1260,0,0,1
59997691,4439829134,1262,0,0,1
60095381,4447058194,1264,0,0,1
60193083,4454288142,1266,0,0,1
60295767,4461886758,1268,0,0,1
60387296,4468659904,1270,0,0,1
60482707,4475720318,1272,0,0,1
60581588,4483037512,1274,0,0,1
60673850,4489864900,1276,0,0,1
60771844,4497116456,1278,0,0,1
60862980,4503860520,1280,0,0,1
60958338,4510917012,1282,0,0,1
61047969,4517549706,1284,0,0,1
61150735,4525154390,1286,0,0,1
61248167,4532364358,1288,0,0,1
61333480,4538677520,1290,0,0,1
61425766,4545506684,1292,0,0,1
61519239,4552423686,1294,0,0,1
61623018,4560103332,1296,0,0,1
61728051,4567875774,1298,0,0,1
61830097,4575427178,1300,0,0,1
61930818,4582880532,1302,0,0,1
62032193,4590382282,1304,0,0,1
62134060,4597920440,1306,0,0,1
62229107,4604953918,1308,0,0,1
62325471,4612084854,1310,0,0,1
62420852,4619143048,1312,0,0,1
62519061,4626410514,1314,0,0,1
62617665,4633707210,1316,0,0,1
62714125,4640845250,1318,0,0,1
62813379,4648190046,1320,0,0,1
62906829,4655105346,1322,0,0,1
63005405,4662399970,1324,0,0,1
63095524,4669068776,1326,0,0,1
63183480,4675577520,1328,0,0,1
63271073,4682059402,1330,0,0,1
63363526,4688900924,1332,0,0,1
63464925,4696404450,1334,0,0,1
63554733,4703050242,1336,0,0,1
63642327,4709532198,1338,0,0,1
63738397,4716641378,1340,0,0,1
63834842,4723778308,1342,0,0,1
63928487,4730708038,1344,0,0,1
64020961,4737551114,1346,0,0,1
64113416,4744392784,1348,0,0,1
64206878,4751308972,1350,0,0,1
64307019,4758719406,1352,0,0,1
64398014,4765453036,1354,0,0,1
64461851,4770176974,1356,0,0,1
64543578,4776224772,1358,0,0,1
64640317,4783383458,1360,0,0,1
64732514,4790206036,1362,0,0,1
64826865,4797188010,1364,0,0,1
64917740,4803912760,1366,0,0,1
65008505,4810629370,1368,0,0,1
65105442,4817802708,1370,0,0,1
65192543,4824248182,1372,0,0,1
65285363,4831116862,1374,0,0,1
65373959,4837672966,1376,0,0,1
65458277,4843912498,1378,0,0,1
65553681,4850972394,1380,0,0,1
65647973,4857950002,1382,0,0,1
65737001,4864538074,1384,0,0,1
65828786,4871330164,1386,0,0,1
65919573,4878048402,1388,0,0,1
66016380,4885212120,1390,0,0,1
66112683,4892338542,1392,0,0,1
66207774,4899375276,1394,0,0,1
66310555,4906981070,1396,0,0,1
66415511,4914747814,1398,0,0,1
66518383,4922360342,1400,0,0,1
66620832,4929941568,1402,0,0,1
66722232,4937445168,1404,0,0,1
66827093,4945204882,1406,0,0,1
66930668,4952869432,1408,0,0,1
67030337,4960244938,1410,0,0,1
67132901,4967834674,1412,0,0,1
67231336,4975118864,1414,0,0,1
67331725,4982547650,1416,0,0,1
67426752,4989579648,1418,0,0,1
67522049,4996631626,1420,0,0,1
67617627,5003704398,1422,0,0,1
67716497,5011020778,1424,0,0,1
67814172,5018248728,1426,0,0,1
67908720,5025245280,1428,0,0,1
68004659,5032344766,1430,0,0,1
68108397,5040021378,1432,0,0,1
68205318,5047193532,1434,0,0,1
68301944,5054343856,1436,0,0,1
68395789,5061288386,1438,0,0,1
68495738,5068684612,1440,0,0,1
68591289,5075755386,1442,0,0,1
68680261,5082339314,1444,0,0,1
68772543,5089168182,1446,0,0,1
68860029,5095642146,1448,0,0,1
68949603,5102270622,1450,0,0,1
69038898,5108878452,1452,0,0,1
69130799,5115679126,1454,0,0,1
69218847,5122194678,1456,0,0,1
69307346,5128743604,1458,0,0,1
69397896,5135444304,1460,0,0,1
69491566,5142375884,1462,0,0,1
69587836,5149499864,1464,0,0,1
69685816,5156750384,1466,0,0,1
69780951,5163790374,1468,0,0,1
69865976,5170082224,1470,0,0,1
69960391,5177068934,1472,0,0,1
70046950,5183474300,1474,0,0,1
70140488,5190396112,1476,0,0,1
70236196,5197478504,1478,0,0,1
70332473,5204603002,1480,0,0,1
70431281,5211914794,1482,0,0,1
70521560,5218595440,1484,0,0,1
70601734,5224528316,1486,0,0,1
70681337,5230418938,1488,0,0,1
70774166,5237288284,1490,0,0,1
70872301,5244550274,1492,0,0,1
70966614,5251529436,1494,0,0,1
71056779,5258201646,1496,0,0,1
71148191,5264966134,1498,0,0,1
71248059,5272356366,1500,0,0,1
71349784,5279884016,1502,0,0,1
71446767,5287060758,1504,0,0,1
71535090,5293596660,1506,0,0,1
71622764,5300084536,1508,0,0,1
71722160,5307439840,1510,0,0,1
71825447,5315083078,1512,0,0,1
71929384,5322774416,1514,0,0,1
72028874,5330136676,1516,0,0,1
72116991,5336657334,1518,0,0,1
72215792,5343968608,1520,0,0,1
72308140,5350802360,1522,0,0,1
72407710,5358170540,1524,0,0,1
72503165,5365234210,1526,0,0,1
72593734,5371936316,1528,0,0,1
72678838,5378234012,1530,0,0,1
72772876,5385192824,1532,0,0,1
72864137,5391946138,1534,0,0,1
72961154,5399125396,1536,0,0,1
73066573,5406926402,1538,0,0,1
73170522,5414618628,1540,0,0,1
73263220,5421478280,1542,0,0,1
73365768,5429066832,1544,0,0,1
73464884,5436401416,1546,0,0,1
73562028,5443590072,1548,0,0,1
73657580,5450660920,1550,0,0,1
73754137,5457806138,1552,0,0,1
73856520,5465382480,1554,0,0,1
73945001,5471930074,1556,0,0,1
74040437,5478992338,1558,0,0,1
74138543,5486252182,1560,0,0,1
74238697,5493663578,1562,0,0,1
74338351,5501037974,1564,0,0,1
74442312,5508731088,1566,0,0,1
74531744,5515349056,1568,0,0,1
74621754,5522009796,1570,0,0,1
74716971,5529055854,1572,0,0,1
74807365,5535745010,1574,0,0,1
74895492,5542266408,1576,0,0,1
74985036,5548892664,1578,0,0,1
75073373,5555429602,1580,0,0,1
75165497,5562246778,1582,0,0,1
75261563,5569355662,1584,0,0,1
75353946,5576192004,1586,0,0,1
75447620,5583123880,1588,0,0,1
75540354,5589986196,1590,0,0,1
75630983,5596692742,1592,0,0,1
75725355,5603676270,1594,0,0,1
75816406,5610414044,1596,0,0,1
75910467,5617374558,1598,0,0,1
76005040,5624372960,1600,0,0,1
76093723,5630935502,1602,0,0,1
76187085,5637844290,1604,0,0,1
89149,6597026,1,0,0,1
192953,14278522,3,0,0,1
295705,21882170,5,0,0,1
396827,29365198,7,0,0,1
494990,36629260,9,0,0,1
598019,44253406,11,0,0,1
704492,52132408,13,0,0,1
808235,59809390,15,0,0,1
910932,67408968,17,0,0,1
1009562,74707588,19,0,0,1
1111494,82250556,21,0,0,1
1211581,89656994,23,0,0,1
1311047,97017478,25,0,0,1
1400711,103652614,27,0,0,1
1489228,110202872,29,0,0,1
1578363,116798862,31,0,0,1
1670816,123640384,33,0,0,1
1762875,130452750,35,0,0,1
1862253,137806722,37,0,0,1
1960320,145063680,39,0,0,1
2058522,152330628,41,0,0,1
2152474,159283076,43,0,0,1
2243916,166049784,45,0,0,1
2339808,173145792,47,0,0,1
2436544,180304256,49,0,0,1
2522519,186666406,51,0,0,1
2602888,192613712,53,0,0,1
2695610,199475140,55,0,0,1
2779901,205712674,57,0,0,1
2863223,211878502,59,0,0,1
2952920,218516080,61,0,0,1
3050910,225767340,63,0,0,1
3153741,233376834,65,0,0,1
3257603,241062622,67,0,0,1
3362572,248830328,69,0,0,1
3467059,256562366,71,0,0,1
3568198,264046652,73,0,0,1
3650442,270132708,75,0,0,1
3746767,277260758,77,0,0,1
3843678,284432172,79,0,0,1
3942630,291754620,81,0,0,1
4046587,299447438,83,0,0,1
4149604,307070696,85,0,0,1
4253015,314723110,87,0,0,1
4355986,322342964,89,0,0,1
4458273,329912202,91,0,0,1
4561053,337517922,93,0,0,1
4664012,345136888,95,0,0,1
4769554,352946996,97,0,0,1
4871402,360483748,99,0,0,1
4968513,367669962,101,0,0,1
5064612,374781288,103,0,0,1
5153215,381337910,105,0,0,1
5246201,388218874,107,0,0,1
5340476,395195224,109,0,0,1
5434899,402182526,111,0,0,1
5527530,409037220,113,0,0,1
5624596,416220104,115,0,0,1
5719457,423239818,117,0,0,1
5815781,430367794,119,0,0,1
5909217,437282058,121,0,0,1
5999711,443978614,123,0,0,1
6096410,451134340,125,0,0,1
6194290,458377460,127,0,0,1
6284349,465041826,129,0,0,1
6373357,471628418,131,0,0,1
6471187,478867838,133,0,0,1
6562648,485635952,135,0,0,1
6660462,492874188,137,0,0,1
6754724,499849576,139,0,0,1
6851474,507009076,141,0,0,1
6949306,514248644,143,0,0,1
7034686,520566764,145,0,0,1
7120380,526908120,147,0,0,1
7218881,534197194,149,0,0,1
7309234,540883316,151,0,0,1
7401984,547746816,153,0,0,1
7486974,554036076,155,0,0,1
7575414,560580636,157,0,0,1
7665469,567244706,159,0,0,1
7754762,573852388,161,0,0,1
7847258,580697092,163,0,0,1
7932877,587032898,165,0,0,1
12641,935434,0,0,0,1
101975,7546150,2,0,0,1
194811,14416014,4,0,0,1
283389,20970786,6,0,0,1
371490,27490260,8,0,0,1
460522,34078628,10,0,0,1
551112,40782288,12,0,0,1
642015,47509110,14,0,0,1
734269,54335906,16,0,0,1
827027,61199998,18,0,0,1
912824,67548976,20,0,0,1
997836,73839864,22,0,0,1
1086665,80413210,24,0,0,1
1176785,87082090,26,0,0,1
1273800,94261200,28,0,0,1
1336887,98929638,30,0,0,1
1424475,105411150,32,0,0,1
1520091,112486734,34,0,0,1
1612144,119298656,36,0,0,1
1707544,126358256,38,0,0,1
1791919,132602006,40,0,0,1
1881688,139244912,42,0,0,1
1964170,145348580,44,0,0,1
2052332,151872568,46,0,0,1
2144835,158717790,48,0,0,1
2238723,165665502,50,0,0,1
2325647,172097878,52,0,0,1
2410031,178342294,54,0,0,1
2496918,184771932,56,0,0,1
2582903,191134822,58,0,0,1
2681759,198450166,60,0,0,1
2779179,205659246,62,0,0,1
2873097,212609178,64,0,0,1
2964889,219401786,66,0,0,1
3065518,226848332,68,0,0,1
3163372,234089528,70,0,0,1
3267292,241779608,72,0,0,1
3360046,248643404,74,0,0,1
3448786,255210164,76,0,0,1
3540687,262010838,78,0,0,1
3633883,268907342,80,0,0,1
3727131,275807694,82,0,0,1
3820154,282691396,84,0,0,1
3916794,289842756,86,0,0,1
3998764,295908536,88,0,0,1
4087090,302444660,90,0,0,1
4180851,309382974,92,0,0,1
4272187,316141838,94,0,0,1
4364905,323002970,96,0,0,1
4452572,329490328,98,0,0,1
4547001,336478074,100,0,0,1
4636356,343090344,102,0,0,1
4729482,349981668,104,0,0,1
4819429,356637746,106,0,0,1
4907570,363160180,108,0,0,1
4998923,369920302,110,0,0,1
5085140,376300360,112,0,0,1
5167716,382410984,114,0,0,1
5257248,389036352,116,0,0,1
5341105,395241770,118,0,0,1
5430137,401830138,120,0,0,1
5512042,407891108,122,0,0,1
5590414,413690636,124,0,0,1
5674470,419910780,126,0,0,1
5759298,426188052,128,0,0,1
5850109,432908066,130,0,0,1
5949179,440239246,132,0,0,1
6045304,447352496,134,0,0,1
6141881,454499194,136,0,0,1
6224799,460635126,138,0,0,1
6316914,467451636,140,0,0,1
6397672,473427728,142,0,0,1
6490780,480317720,144,0,0,1
6585056,487294144,146,0,0,1
6675899,494016526,148,0,0,1
6763746,500517204,150,0,0,1
6855576,507312624,152,0,0,1
6920271,512100054,154,0,0,1
7011104,518821696,156,0,0,1
7103330,525646420,158,0,0,1
7196127,532513398,160,0,0,1
7291007,539534518,162,0,0,1
7383046,546345404,164,0,0,1
7484972,553887928,166,0,0,1
7583535,561181590,168,0,0,1
7674929,567944746,170,0,0,1
7767078,574763772,172,0,0,1
7852067,581052958,174,0,0,1
7939965,587557410,176,0,0,1
8028542,594112108,178,0,0,1
8122835,601089790,180,0,0,1
8213300,607784200,182,0,0,1
8304041,614499034,184,0,0,1
8396519,621342406,186,0,0,1
8495805,628689570,188,0,0,1
8596597,636148178,190,0,0,1
8689716,643038984,192,0,0,1
8784715,650068910,194,0,0,1
8879931,657114894,196,0,0,1
8972694,663979356,198,0,0,1
9067962,671029188,200,0,0,1
9155477,677505298,202,0,0,1
9250018,684501332,204,0,0,1
9345635,691576990,206,0,0,1
9433764,698098536,208,0,0,1
9528648,705119952,210,0,0,1
9622585,712071290,212,0,0,1
9712093,718694882,214,0,0,1
9809339,725891086,216,0,0,1
9904073,732901402,218,0,0,1
9994917,739623858,220,0,0,1
10082235,746085390,222,0,0,1
10170619,752625806,224,0,0,1
10265002,759610148,226,0,0,1
10363777,766919498,228,0,0,1
10457960,773889040,230,0,0,1
10546593,780447882,232,0,0,1
10632011,786768814,234,0,0,1
10718236,793149464,236,0,0,1
10794860,798819640,238,0,0,1
10874947,804746078,240,0,0,1
10962597,811232178,242,0,0,1
11051574,817816476,244,0,0,1
11142156,824519544,246,0,0,1
11235470,831424780,248,0,0,1
11329597,838390178,250,0,0,1
11419468,845040632,252,0,0,1
11506532,851483368,254,0,0,1
11593209,857897466,256,0,0,1
11679685,864296690,258,0,0,1
11766763,870740462,260,0,0,1
